{"data_one": {"Australia": {"Constant Prices": [{"All_ODA_Over_GNI": 0.002873301502500222, "LDC_ODA_Over_All_ODA": 0.28401867203300724, "Africa_ODA_Over_All_ODA": 0.08615235696974843, "All_ODA_In_Donor_Refugee_Over_GNI": 0.0, "All_ODA": 2520.186419, "LDC_ODA": 715.78, "Africa_ODA": 217.12, "Time_Period": 